[
  [
    {
      "text": "💵 USD",
      "callback_data": "USD"
    },
    {
      "text": "🇷🇺 RUBL",
      "callback_data": "RUBL"
    },
    {
      "text": "💶 EUR",
      "callback_data": "EUR"
    }
  ],
  [
    {
      "text": " 🇺🇿 USZ",
      "callback_data": "USZ"
    },
    {
      "text": "🇰🇿 KZT",
      "callback_data": "KZT"
    },
    {
      "text": "🇹🇯 TJS",
      "callback_data": "TJS"
    }
  ],
  [
    {
      "text": "Loyihani bekor qilish",
      "callback_data": "cancel"
    }
  ]
]
