[
  [
    {
      "text": "1 день",
      "callback_data": "24"
    },
    {
      "text": "2 день",
      "callback_data": "48"
    },
    {
      "text": "3 день",
      "callback_data": "72"
    }
  ],
  [
    {
      "text": "1 hafta",
      "callback_data": "168"
    },
    {
      "text": "2 неделя",
      "callback_data": "336"
    },
    {
      "text": "3 неделя",
      "callback_data": "504"
    }
  ],
  [
    {
      "text": "Отменить проект",
      "callback_data": "cancel"
    }
  ]
]
